country_iso3166-2,country_name,osm_forum_url,osm_list_url
AF,Afghanistan,,
AX,"Åland Islands",,
AL,Albania,,
DZ,Algeria,http://forum.openstreetmap.org/viewforum.php?id=53,
AS,"American Samoa",,
AD,Andorra,,
AO,Angola,,
AI,Anguilla,,
AQ,Antarctica,,
AG,"Antigua & Barbuda",,
AR,Argentina,http://forum.openstreetmap.org/viewforum.php?id=49,
AM,Armenia,,
AW,Aruba,,
AC,"Ascension Island",,
AU,Australia,http://forum.openstreetmap.org/viewforum.php?id=24,
AT,Austria,http://forum.openstreetmap.org/viewforum.php?id=89,
AZ,Azerbaijan,,
BS,Bahamas,,
BH,Bahrain,,
BD,Bangladesh,,
BB,Barbados,,
BY,Belarus,,
BE,Belgium,http://forum.openstreetmap.org/viewforum.php?id=29,
BZ,Belize,,
BJ,Benin,,
BM,Bermuda,,
BT,Bhutan,,
BO,Bolivia,,
BA,"Bosnia & Herzegovina",http://forum.openstreetmap.org/viewforum.php?id=66,
BW,Botswana,,
BR,Brazil,http://forum.openstreetmap.org/viewforum.php?id=74,
IO,"British Indian Ocean Territory",,
VG,"British Virgin Islands",,
BN,Brunei,,
BG,Bulgaria,http://forum.openstreetmap.org/viewforum.php?id=57,
BF,"Burkina Faso",,
BI,Burundi,,
KH,Cambodia,http://forum.openstreetmap.org/viewforum.php?id=63,
CM,Cameroon,,
CA,Canada,http://forum.openstreetmap.org/viewforum.php?id=16,
IC,"Canary Islands",,
CV,"Cape Verde",,
BQ,"Caribbean Netherlands",,
KY,"Cayman Islands",,
CF,"Central African Republic",,
EA,"Ceuta & Melilla",,
TD,Chad,,
CL,Chile,,
CN,China,http://forum.openstreetmap.org/viewforum.php?id=73,
CX,"Christmas Island",,
CC,"Cocos (Keeling) Islands",,
CO,Colombia,,
KM,Comoros,,
CG,"Congo - Brazzaville",,
CD,"Congo - Kinshasa",,
CK,"Cook Islands",,
CR,"Costa Rica",,
CI,"Côte d’Ivoire",,
HR,Croatia,http://forum.openstreetmap.org/viewforum.php?id=51,
CU,Cuba,http://forum.openstreetmap.org/viewforum.php?id=72,
CW,Curaçao,,
CY,Cyprus,,
CZ,"Czech Republic",http://forum.openstreetmap.org/viewforum.php?id=47,
DK,Denmark,http://forum.openstreetmap.org/viewforum.php?id=48,
DG,"Diego Garcia",,
DJ,Djibouti,,
DM,Dominica,,
DO,"Dominican Republic",,
EC,Ecuador,http://forum.openstreetmap.org/viewforum.php?id=87,
EG,Egypt,,
SV,"El Salvador",,
GQ,"Equatorial Guinea",,
ER,Eritrea,,
EE,Estonia,http://forum.openstreetmap.org/viewforum.php?id=71,
ET,Ethiopia,,
FK,"Falkland Islands",,
FO,"Faroe Islands",,
FJ,Fiji,,
FI,Finland,http://forum.openstreetmap.org/viewforum.php?id=15,
FR,France,http://forum.openstreetmap.org/viewforum.php?id=22,
GF,"French Guiana",,
PF,"French Polynesia",,
TF,"French Southern Territories",,
GA,Gabon,,
GM,Gambia,,
GE,Georgia,,
DE,Germany,http://forum.openstreetmap.org/viewforum.php?id=14,
GH,Ghana,,
GI,Gibraltar,,
GR,Greece,http://forum.openstreetmap.org/viewforum.php?id=27,
GL,Greenland,,
GD,Grenada,,
GP,Guadeloupe,,
GU,Guam,,
GT,Guatemala,,
GG,Guernsey,,
GN,Guinea,,
GW,Guinea-Bissau,,
GY,Guyana,,
HT,Haiti,,
HN,Honduras,,
HK,"Hong Kong SAR China",,
HU,Hungary,http://forum.openstreetmap.org/viewforum.php?id=25,
IS,Iceland,,
IN,India,http://forum.openstreetmap.org/viewforum.php?id=65,
ID,Indonesia,http://forum.openstreetmap.org/viewforum.php?id=82,
IR,Iran,,
IQ,Iraq,,
IE,Ireland,http://forum.openstreetmap.org/viewforum.php?id=34,
IM,"Isle of Man",,
IL,Israel,http://forum.openstreetmap.org/viewforum.php?id=33,
IT,Italy,http://forum.openstreetmap.org/viewforum.php?id=39,
JM,Jamaica,,
JP,Japan,http://forum.openstreetmap.org/viewforum.php?id=85,
JE,Jersey,,
JO,Jordan,,
KZ,Kazakhstan,,
KE,Kenya,,
KI,Kiribati,,
XK,Kosovo,,
KW,Kuwait,,
KG,Kyrgyzstan,,
LA,Laos,,
LV,Latvia,http://forum.openstreetmap.org/viewforum.php?id=59,
LB,Lebanon,,
LS,Lesotho,,
LR,Liberia,,
LY,Libya,,
LI,Liechtenstein,,
LT,Lithuania,,
LU,Luxembourg,,
MO,"Macau SAR China",,
MK,Macedonia,http://forum.openstreetmap.org/viewforum.php?id=36,
MG,Madagascar,,
MW,Malawi,,
MY,Malaysia,http://forum.openstreetmap.org/viewforum.php?id=60,
MV,Maldives,,
ML,Mali,,
MT,Malta,,
MH,"Marshall Islands",,
MQ,Martinique,,
MR,Mauritania,,
MU,Mauritius,,
YT,Mayotte,,
MX,Mexico,http://forum.openstreetmap.org/viewforum.php?id=79,
FM,Micronesia,,
MD,Moldova,,
MC,Monaco,,
MN,Mongolia,,
ME,Montenegro,http://forum.openstreetmap.org/viewforum.php?id=70,
MS,Montserrat,,
MA,Morocco,,
MZ,Mozambique,,
MM,"Myanmar (Burma)",,
NA,Namibia,,
NR,Nauru,,
NP,Nepal,http://forum.openstreetmap.org/viewforum.php?id=81,
NL,Netherlands,http://forum.openstreetmap.org/viewforum.php?id=12,
NC,"New Caledonia",,
NZ,"New Zealand",,
NI,Nicaragua,,
NE,Niger,,
NG,Nigeria,,
NU,Niue,,
NF,"Norfolk Island",,
KP,"North Korea",,
MP,"Northern Mariana Islands",,
NO,Norway,http://forum.openstreetmap.org/viewforum.php?id=68,
OM,Oman,,
PK,Pakistan,http://forum.openstreetmap.org/viewforum.php?id=80,
PW,Palau,,
PS,"Palestinian Territories",,
PA,Panama,http://forum.openstreetmap.org/viewforum.php?id=61,
PG,"Papua New Guinea",,
PY,Paraguay,,
PE,Peru,,
PH,Philippines,,
PN,"Pitcairn Islands",,
PL,Poland,http://forum.openstreetmap.org/viewforum.php?id=23,
PT,Portugal,http://forum.openstreetmap.org/viewforum.php?id=86,
PR,"Puerto Rico",,
QA,Qatar,,
RE,Réunion,,
RO,Romania,http://forum.openstreetmap.org/viewforum.php?id=69,
RU,Russia,http://forum.openstreetmap.org/viewforum.php?id=21,
RW,Rwanda,,
WS,Samoa,,
SM,"San Marino",,
ST,"São Tomé & Príncipe",,
SA,"Saudi Arabia",,
SN,Senegal,,
RS,Serbia,http://forum.openstreetmap.org/viewforum.php?id=62,
SC,Seychelles,,
SL,"Sierra Leone",,
SG,Singapore,,
SX,"Sint Maarten",,
SK,Slovakia,,
SI,Slovenia,http://forum.openstreetmap.org/viewforum.php?id=58,
SB,"Solomon Islands",,
SO,Somalia,,
ZA,"South Africa",http://forum.openstreetmap.org/viewforum.php?id=75,
GS,"South Georgia & South Sandwich Islands",,
KR,"South Korea",,
SS,"South Sudan",,
ES,Spain,http://forum.openstreetmap.org/viewforum.php?id=83,
LK,"Sri Lanka",http://forum.openstreetmap.org/viewforum.php?id=77,
BL,"St. Barthélemy",,
SH,"St. Helena",,
KN,"St. Kitts & Nevis",,
LC,"St. Lucia",,
MF,"St. Martin",,
PM,"St. Pierre & Miquelon",,
VC,"St. Vincent & Grenadines",,
SD,Sudan,,
SR,Suriname,,
SJ,"Svalbard & Jan Mayen",,
SZ,Swaziland,,
SE,Sweden,http://forum.openstreetmap.org/viewforum.php?id=4
CH,Switzerland,http://forum.openstreetmap.org/viewforum.php?id=30,
SY,Syria,,
TW,Taiwan,,
TJ,Tajikistan,,
TZ,Tanzania,,
TH,Thailand,http://forum.openstreetmap.org/viewforum.php?id=46,
TL,Timor-Leste,,
TG,Togo,,
TK,Tokelau,,
TO,Tonga,,
TT,"Trinidad & Tobago",,
TA,"Tristan da Cunha",,
TN,Tunisia,,
TR,Turkey,http://forum.openstreetmap.org/viewforum.php?id=44,
TM,Turkmenistan,,
TC,"Turks & Caicos Islands",,
TV,Tuvalu,,
UM,"U.S. Outlying Islands",,
VI,"U.S. Virgin Islands",,
UG,Uganda,,
UA,Ukraine,http://forum.openstreetmap.org/viewforum.php?id=40,
AE,"United Arab Emirates",,
GB,"United Kingdom",http://forum.openstreetmap.org/viewforum.php?id=5
US,"United States",http://forum.openstreetmap.org/viewforum.php?id=20,
UY,Uruguay,http://forum.openstreetmap.org/viewforum.php?id=78,
UZ,Uzbekistan,,
VU,Vanuatu,,
VA,"Vatican City",,
VE,Venezuela,http://forum.openstreetmap.org/viewforum.php?id=50,
VN,Vietnam,,
WF,"Wallis & Futuna",,
EH,"Western Sahara",,
YE,Yemen,,
ZM,Zambia,,
ZW,Zimbabwe,,
